"Title","Link","Details"
"Gildan Brands | Wholesale Blank Apparel | Quality Basics ...","https://www.gildanbrands.com","No matter what your needs, we have a style and fit for every body. From ring spun to polyester, fleece to performance wear and polos, classic fit to fitted, you ..."
"Gildan - Wikipedia","https://en.wikipedia.org › wiki › Gildan","For Gildan Media, see RBMedia. Gildan Activewear Inc. is a Canadian manufacturer of branded clothing, including undecorated blank activewear such as t-shirts, ..."
"Gildan T-Shirts - Buytshirtsonline","https://www.buytshirtsonline.co.uk › gildan-m25","For Gildan Media, see RBMedia. Gildan Activewear Inc. is a Canadian manufacturer of branded clothing, including undecorated blank activewear such as t-shirts, ..."
"Gildan / Men's T-Shirts / Men's Shirts - Amazon.com","https://www.amazon.com › Mens-T-Shirts-Gildan-Shirts","Results 1 - 48 of 1000+ — FREE Shipping on orders over $25 shipped by Amazon. Prime Try Before You Buy. Gildan Men's Ultra Cotton T-Shirt, Style G2000, ..."
"Gildan | Brands - SanMar","https://www.sanmar.com › Brands › Gildan › bra-gildan","Products 1 - 40 of 65 — Gildan - Ultra Cotton 100% Cotton T-Shirt with Pocket. Call for pricing. Delete. Gildan Softstyle<sup>&#174;</sup> T-Shirt. Quick View."
"Gildan - S&S Activewear","https://www.ssactivewear.com › gildan","125 products — Browse S&S Activewear - your source for wholesale Gildan clothing. Shop Gildan shirts, hoodies, and sweatpants."
"Gildan® Short Sleeve Adult T-Shirt | Michaels","https://www.michaels.com › ... › Adult","125 products — Browse S&S Activewear - your source for wholesale Gildan clothing. Shop Gildan shirts, hoodies, and sweatpants."
"Brand | Gildan - Alphabroder","https://www.alphabroder.com › brand › gildan","126 products — Gildan Adult Heavy Cotton™ T-Shirt ... Gildan Adult Ultra Cotton® T-Shirt ... Gildan Adult Heavy Blend™ 50/50 Hooded Sweatshirt."
"Gildan Wholesale T Shirts, Clothing & Apparel - blankstyle.com","https://www.blankstyle.com › gildan","Results 1 - 36 of 131 — One of the biggest names in the industry, Gildan is a trusted provider of low cost wholesale shirts with a wide selection of styles to ..."
"Gildan - Walmart","https://www.walmart.com › ... › Fashion Brands › Gildan","Gildan Adult Men's Short Sleeve Crew White T-Shirt, 6-Pack, Sizes S-2XL ... Gildan. Gildan Men's Heavy Taped Neck Comfort Jersey T-Shirt, Style G5000."
"Wholesale Gildan Apparel - ShirtSpace","https://www.shirtspace.com › gildan","Gildan Adult Men's Short Sleeve Crew White T-Shirt, 6-Pack, Sizes S-2XL ... Gildan. Gildan Men's Heavy Taped Neck Comfort Jersey T-Shirt, Style G5000."
"Gildan - T-shirt.ca","https://t-shirt.ca › Gildan","Gildan Adult Men's Short Sleeve Crew White T-Shirt, 6-Pack, Sizes S-2XL ... Gildan. Gildan Men's Heavy Taped Neck Comfort Jersey T-Shirt, Style G5000."
"Special! Gildan - Bulk Discount at $80 | JiffyShirts","https://www.jiffyshirts.com › brand=Gildan","Reliable Wholesale Clothing - Gildan - Bulk discount at $80, Free Returns for 100 days | Polyester, Sublimation, Cotton."
"Gildan - Home | Facebook","https://www.facebook.com › ... › Brand › Product/service","Not us making Softstyle™ tees our new personality trait. #Gildan #GildanRetail #GildanRoyal #GildanRed."
"Gildan Wholesale Clothing & Discount Apparel","https://www.clothingshoponline.com › gildan","108 items — Gildan is a style leader when it comes to affordable blank fashion basics. Known best for its T-Shirts, Sweatshirts & Hoodies, and Long Sleeves this ..."
"Bangladesh – the popular choice for Gildan","https://bd.apparelresources.com › sourcing › banglades...","108 items — Gildan is a style leader when it comes to affordable blank fashion basics. Known best for its T-Shirts, Sweatshirts & Hoodies, and Long Sleeves this ..."
"Buy Gildan Clothing Online in Australia","https://shop.gildanbrands.com.au › 0GIL-Brands-Gildan","108 items — Gildan is a style leader when it comes to affordable blank fashion basics. Known best for its T-Shirts, Sweatshirts & Hoodies, and Long Sleeves this ..."
"US Cotton Trust Protocol Welcomes Leading Global Apparel ...","https://trustuscotton.org › News & Events","Jun 23, 2021 — “At Gildan, we have a vision of Making Apparel Better®, and we have long been committed to ensuring that our supply chain is ethical and ..."
"Gildan Activewear presses forward with Bangladesh expansion","https://www.just-style.com › news › gildan-activewear-...","Feb 28, 2022 — Gildan Activewear is ""rapidly moving forward"" with its expansion in Bangladesh, CFO Rhodri Harries has said."
"Gildan - LinkedIn","https://ca.linkedin.com › company › gildan","Gildan. Retail Apparel and Fashion. Montreal, QC 74,049 followers. We're Making Apparel Better®, 30 years and counting!"
"Gildan® - Brands - Shop Catalogue - Sanmar Canada","https://www.sanmarcanada.com › gildan-reg","SALEDISCO. DISCONTINUED GILDAN® PREMIUM COTTON™ RING SPUN FLEECE CREWNECK SWEATSHIRT. 92000 · View Pricing. Compare. GILDAN® DRYBLEND™ YOUTH T-SHIRT. 800B."
"Gildan acquires Bangladesh manufacturing facility","https://www.knittingindustry.com › gildan-acquires-ban...","SALEDISCO. DISCONTINUED GILDAN® PREMIUM COTTON™ RING SPUN FLEECE CREWNECK SWEATSHIRT. 92000 · View Pricing. Compare. GILDAN® DRYBLEND™ YOUTH T-SHIRT. 800B."
"gildan - Buy gildan with free shipping on AliExpress","https://www.aliexpress.com › ... › Tops & Tees › T-Shirts","Explore a wide range of the best gildan on AliExpress to find one that suits you! Besides good quality brands, you'll also find plenty of discounts when you ..."
"Gildan (@gildancorp) / Twitter","https://twitter.com › gildancorp","Explore a wide range of the best gildan on AliExpress to find one that suits you! Besides good quality brands, you'll also find plenty of discounts when you ..."
"Gildan (@gildanonline) • Instagram photos and videos","https://www.instagram.com › gildanonline","34.6k Followers, 233 Following, 1266 Posts - See Instagram photos and videos from Gildan (@gildanonline)"
"Gildan Wholesale T-Shirts, Hoodies & more","https://www.t-shirtwholesaler.com › gildan","Wholesale Gildan. Gildan Blank Shirts and Apparel. Gildan originated in Canada in 1984, quickly making a name for themselves as a world-wide ..."
"Gildan - Target","https://www.target.com › gildan","Shop Target for a wide assortment of Gildan. Choose from Same Day Delivery, Drive Up or Order Pickup. Free standard shipping with $35 orders. Expect More."
"Gildan Shirts - Wholesale Blank T-Shirts & More - Shirtmax","https://www.shirtmax.com › brands › gildan","Gildan has established itself as one of the largest manufacturers of wholesale imprintable apparel in the world. And you do not get to be this big without ..."
"Gildan Wholesale Apparel Online Store - BlankApparel.com","https://www.blankapparel.com › gildan","Gildan has established itself as one of the largest manufacturers of wholesale imprintable apparel in the world. And you do not get to be this big without ..."
"Gildan - Textile Europe","https://www.textileeurope.com › gildan","Gildan. From €3,98. 150.09 · Softstyle® Ring Spun T-Shirt. Gildan. From €4,48. 102.09 · Ultra Cotton Adult T-Shirt. Gildan."
"Gildan Wholesale Blank T-Shirts, Tanks, Hoodies, & more","https://www.blankshirts.com › gildan","Gildan leads the world as a global manufacturer of some of the best-known apparel on our site, and we bring it to you at best-point pricing which allows you to ..."
"Brand | GILDAN | Carolina-Made","https://www.carolinamade.com › url › GILDAN","Brand: GILDAN. Sort By: Product ID, Product Name, Price. Items Per Page: All ..."
"Gildan Ultra Cotton T-Shirt - TeeShirtNation","https://teeshirtnation.com › gildan-tshirt","Gildan Ultra Cotton T-Shirt · 100% cotton pre-shrunk jersey knit · Seamless twin needle 7/8"" collar · Taped neck and shoulders · Twin needle sleeve and hem bottoms ..."
"Gildan Products - UTT Europe","https://utteam.com › catalog › brands › gildan","80 items — Wholesale Clothing - Bulk Clothing at Case & Piece Pricing | UTT Europe Kft. Wholesale distribution for Gildan,Anvil,Sol's,Kariban,BearDream ..."
"Custom Gildan Apparel | Design Online & Personalize","https://www.rushordertees.com › ... › Featured Brands","Customize popular apparel products from Gildan with our easy-to-use Design Studio. Personalize with a logo or artwork. Free and fast shipping."
"Men's Classic Tee - Gildan 5000 | Printful","https://www.printful.com › Custom products › Men's shirts","Men's Classic Tee | Gildan 5000 ; Fabric weight · 5.0–5.3 oz/yd² (170–180 g/m²) ; Print care instructions. Follow our care instructions to look after your custom ..."
"Wholesale Gildan Products | Wordans USA","https://www.wordans.com › gildan-b34","Why would you choose to wear any kind of wholesale clothing if it isn't comfortable? Wholesale apparel Gildan is a reputable brand that has been around for ..."
"Gildan | Brands - Falk+Ross","https://www.falk-ross.eu › Brands › Gildan-","GILDAN - It's all about colour, styles and sizes. Choose from our exceptional selection of T–shirts, sweatshirts and polos. Cotton purist or performance ..."
"Gildan products for sale - eBay","https://www.ebay.com › Gildan","Get the best deals on Gildan when you shop the largest online selection at eBay.com. Free shipping on many items | Browse your favorite brands | affordable ..."
"Gildan Adult T-Shirt Large - Joann Fabrics","https://www.joann.com › ... › T-Shirts & Apparel › T-Shirts","Brand: Gildan 5.3 Oz Most 100% cotton 90/10 Sport Grey and Antique Heathers 50/50 Safety Colors and Heathers Preshrunk Machine wash cold with like colors."
"Gildan CEO: 'We're Leaving Sales on the Table' - Sourcing ...","https://sourcingjournal.com › topics › raw-materials › g...","Aug 5, 2021 — Gildan Activewear saw net sales jump 225 percent to $747.2 million, but the manufacturer is pressured by a labor shortage and rising costs."
"The Ultimate Gildan T-Shirt Styles Guide – NYFIFTH BLOG","https://www.nyfifth.com › blog › 2019/08/26 › the-ulti...","Aug 5, 2021 — Gildan Activewear saw net sales jump 225 percent to $747.2 million, but the manufacturer is pressured by a labor shortage and rising costs."
"The Ultimate Gildan T-Shirt Styles Guide – NYFIFTH BLOG","https://www.nyfifth.com › blog › 2019/08/26 › the-ulti...","Aug 5, 2021 — Gildan Activewear saw net sales jump 225 percent to $747.2 million, but the manufacturer is pressured by a labor shortage and rising costs."
"Gildan clothing | Add your logo at Clothes2order","https://www.clothes2order.com › pages › gildan","Gildan. A leading brand of everyday quality apparel, supplying t-shirts, polo shirts, hoodies & more. The perfect brand for your printed or embroidered ..."
"Gildan Branded Products - 4Imprint","https://www.4imprint.com › tag › gildan","Items 1 - 50 of 190 — Custom Gildan clothing. Put your logo on Gildan apparel for marketing success. On-time shipping of Gildan shirts and hoodies or you don't ..."
"Gildan's expansion plan 'manifests' better apparel compliance","https://www.tbsnews.net › Economy › RMG","Mar 1, 2022 — Highlights With Baipail factory, Gildan began its Bangladesh journey in 2019 It now makes T-shirts under the brand name of Gildan Activewear ..."
"Gildan - Cottonprint","https://www.cottonprint.co.uk › brands › gildan","Items 1 - 12 of 46 — In recent years Gildan have become more prominent in Europe and today, with over 50,000 employees, they are one of the world's leading ..."
"GAB Ltd. (GILDAN) - PEBSAL","http://pebsteelalliance.com › project › g-a-b-ltd-gildan","Client. G.A.B. Ltd. (GILDAN). Project. Knitting Expansion. Location. Ashulia, Savar, Dhaka. Total Weight. 75.00 MT. Starting Date. 21.04.2021 ..."
"Gildan with textile print","https://www.cotton.eu › brands › gildan","Uncomplicated and reliable shipping EU Wide. Here is an overview of selected Gildan Textiles including printing with prices. All other Gildan products you can ..."
"Range of Quality Gildan Tee Shirts and Hoodies - Blank Tees","https://blanktees.co.nz › gildan","Gildan CFM - Cotton Face Mask ... Gildan 2000 - Classic Tee Ultra Cotton ... Gildan 47400 - Adult Performance Long Sleeve Tech Tee."
"Gildan | T-Shirts, Polos, Fleece - Bar One Clothing","https://www.baroneclothing.com › Brands","Items 1 - 16 of 45 — Gildan take great pride in delivering premium quality, great value products, with a focus on every part of the manufacturing process and ..."
"Gildan | Brands - Falk+Ross","https://www.falk-ross.eu › Brands › Gildan-","Items 1 - 16 of 45 — Gildan take great pride in delivering premium quality, great value products, with a focus on every part of the manufacturing process and ..."
"Gildan T-Shirts - AllDayShirts.com","https://www.alldayshirts.com › gildan-t-shirts","Save money when ordering Gildan t-shirts in bulk. Shop for wholesale blank shirts and high-quality accessories perfect for designing apparel."
"gildan - Boscov's","https://www.boscovs.com › category › mens-gildan","Shop our amazing selection of Gildan Men's Clothing at Boscov's! We offer a variety of shorts, shirts, underwear, hoodies, sweatshirts & more."
"Gildan - Premium Catalogue","https://www.premiumcatalogue.co.nz › collections › gildan","Our most popular selling tee! Gildan 5000 Classic T-Shirt. Our Heavy Cotton tee, the 5000 is available in over 30 different colours! Which will you choose?"
"Gildan Activewear Inc. (GIL.TO) Stock Price, News, Quote ...","https://ca.finance.yahoo.com › quote › GIL","Find the latest Gildan Activewear Inc. (GIL.TO) stock quote, history, news and other vital information to help you with your stock trading and investing."
"Custom Gildan Adult Unisex Ultra Cotton® T-shirt - Logo ...","https://www.logosoftwear.com › T-Shirts › Mens T-Shirts","The Gildan G2000, America's best-selling t-shirt! With more than 30 colors available, there is a color for any occasion. Made of pre-shrunk 100% cotton, 6-oz."
"2022-Gildan-USA-Style-&-Color-Guide - FlippingBook","https://online.flippingbook.com › view","Check out our Gildan® 2022 product line. New styles and New colors at your fingertips."
"Gildan T-Shirts - Redbubble","https://www.redbubble.com › Clothing › T-Shirt","Shop high-quality unique Gildan T-Shirts designed and sold by independent artists. Available in a range of colours and styles for men, women, and everyone."
"Custom Gildan Gear for Your Group - Custom Ink","https://www.customink.com › custom › gildan","Design your own Gildan t-shirts and activewear online at CustomInk! Gildan's popular tees, hoodies, and sweats offer the best value in the industry, ..."
"Gildan Brand - Singapore - MeowPrint","https://meowprint.sg › Products","Gildan is one of the best-selling blank shirt brands available. The company has approximately 42,000 employees worldwide, and owns and operates manufacturing ..."
"Gildan® | GoCustom Clothing","https://www.gocustomclothing.com › Brands","Gildan is a manufacturer of blank activewear such as t-shirts, sport shirts and fleeces, which GoCustom Clothing customise by screen printing, DTG printing ..."
"Gildan - BlankClothing.ca","https://blankclothing.ca › brands › Gildan","Gildan shirts are a time-tested T-Shirt favorite of professionals and consumers alike. Gildan is known for their exceptional quality at great prices. We can ..."
"Printed Gildan T Shirts, Hoodies & Activewear | A4 Apparel","https://www.a4apparel.co.uk › brands › gildan-activewear","From a Canadian family business, Gildan has grown to be one of the largest apparel manufacturers in the world. The Gildan® range comprises of an exceptional ..."
"Gildan ( 23 Items) - Big and Tall Apparel","https://www.bigntallapparel.com › m-gildan","Gildan Apparel is for those who like their threads basic, branded and imprintable with logo and designs of their choice. Buy them today!"
"Men's Gildan Shirts - Kohl's","https://www.kohls.com › mens-gildan-tshirts-clothing › C...","Enjoy free shipping and easy returns every day at Kohl's. Find great deals on Men's Gildan Shirts at Kohl's today!"
"Gildan Personalised Clothing - MyWorkwear","https://www.myworkwear.co.uk › brand › 9_gildan","Gildan is one of our best selling brands, offering high quality workwear such as polo shirts, t-shirts and sweatshirts in the classic Gildan heavy cotton."
"Custom Gildan Ultra Cotton Tee - Design Online - UberPrints","https://www.uberprints.com › products › gildan-ultra-c...","Create custom Gildan Ultra Cotton Tee t-shirts at UberPrints.com. Design your own custom t-shirts online! Satisfaction guaranteed!"
"GIL - Gildan Activewear Inc Stock Price Quote - Morningstar","https://www.morningstar.com › stocks › xnys › quote","May 20, 2022 — Learn about Gildan Activewear Inc (GIL:XNYS) stock quote with Morningstar's rating and analysis and stay up to date with the current news, ..."
"Gildan - Forbes","https://www.forbes.com › companies › gildan","But making Gildan Activewear Inc an even more interesting and timely stock to look at, is the fact that in trading on Friday, shares of GIL entered into ..."
"Buy Gildan Top Products at Best Prices online | lazada.com.ph","https://www.lazada.com.ph › gildan","12913 items — Gildan Philippines is not a new name in the world of fashion. It has understood your desire to be a standout in this era of fashion. The brand is ..."
"Gildan Heavy Cotton T-Shirt - Shirtworks","https://www.shirtworks.co.uk › products › gildan-heavy...","Gildan have produced this heavyweight T-shirt at a standard weight price. Not as soft to wear as other styles but great value for money."
"How Gildan Became the Biggest Name in Streetwear - The ...","https://thehundreds.com › blogs › content › how-gildan...","Gildan have produced this heavyweight T-shirt at a standard weight price. Not as soft to wear as other styles but great value for money."
"Gildan |, Dublin, Ireland - Camden Clothing","https://www.camdenclothing.ie › brands › gildan","Gildan Collection · 50/50 Sweatshirt · Contrast Heavyblend Hoodie · Gildan Kids Heavyweight tshirt · Gildan Ladies Soft Style V-Neck T-Shirt · Gildan Ultra Long ..."
"Vintage Gildan - Etsy","https://www.etsy.com › market › vintage_gildan","Check out our vintage gildan selection for the very best in unique or custom, handmade pieces from our shops."
"Gildan revenue worldwide 2020 - Statista","https://www.statista.com › ... › Apparel & Shoes","This statistic shows the annual net sales of Gildan from 2011 to 2020. The Canadian family apparel company generated revenue of approximately 1.98 billion ..."
"Gildan Announces Launch of New Gildan Respects ... - CSRwire","https://www.csrwire.com › press_releases › 739926-gild...","Mar 25, 2022 — Gildan is pleased to announce the launch of Gildan Respects™, a global positioning of its environmental, social and governance (ESG) program ..."
"Gildan Men's T-Shirts | Best Price in Nigeria | Jumia NG","https://www.jumia.com.ng › ... › Shirts › T-Shirts","9 products — Buy the latest Gildan Men's T-Shirts Online. Enjoy safe shopping online with Jumia ✓ Widest Range of best Gildan Men's T-Shirts in Nigeria ..."
"Gildan Activewear Announces Acquisition of Frontier Yarns","https://www.globenewswire.com › 2021/12/13 › Gildan...","Dec 13, 2021 — all amounts are in U.S. dollars except where otherwise indicated) MONTREAL, Dec. 13, 2021 (GLOBE NEWSWIRE) -- Gildan Activewear Inc. (GIL: ..."
"Gildan Ultra Cotton Heavyweight T-Shirt - CheapesTees","https://www.cheapestees.com › Short Sleeve T-Shirt","The Gildan Ultra Cotton T-Shirt is the new standard for basic tees. Combining comfort, simplicity, and function, they are ideal for everyday wear."
"Gildan Activewear Inc. - AnnualReports.com","https://www.annualreports.com › Company › gildan-act...","Gildan Activewear Inc. does not currently have any hardcopy reports on AnnualReports.com. Click the button below to request a report when hardcopies become ..."
"Gildan Announces Closing of Mebane Distribution Center","https://www.apparelist.com › 2022/03/21 › gildan-anno...","Mar 21, 2022 — In an announcement that was made earlier this month, Gildan Activewear stated its plans to close its Mebane, North Carolina distribution ..."
"Gildan T-Shirt Guide: Picking the Best Style for Your Business","https://www.entripy.com › blog › gildan-t-shirt-guide-p...","Jul 20, 2020 — Heavy cotton Gildan t-shirts are the most popular option for designing custom apparel. This t-shirt material is 9 oz. and made from 100% pre- ..."
"GILDAN Japan - ギルダン日本正規輸入販売代理店 三浦商事 ...","http://www.yourgildan.jp","三浦商事株式会社は、GILDAN（ギルダン）の正規輸入販売代理店です。"
"Design Custom Gildan T-Shirts Online in Canada","http://www.tshirtelephant.com › gildan","Gildan makes the most affordable and versatile products featured on our website. If you're looking to print high-quality custom apparel without breaking the ..."
"Gildan – Ultra Cotton T Shirt | University Tees","https://universitytees.com › products","UTees creates custom collegiate and Greek apparel. We offer unique designs and trendy products for group and single-piece orders. Shop now!"
"An Inside Look At Gildan, The Company That Just Acquired ...","https://www.fastcompany.com › how-to-make-a-t-shirt-...","Nov 15, 2016 — After a failed search for a buyer, the company is now being sold for parts. The only deal it has in hand is with Gildan Activewear Inc., a ..."
"Gildan T-shirts - Cloth Cat Leeds","https://clothcatleeds.org.uk › Shop","Gildan Heavy Cotton T-shirts. Printed in a choice of 4 designs. Available in 9 colours – white print on all. Sizes S-XXXL ..."
"Gildan 5000 | Unisex Heavy Cotton™ T-Shirt - Printify","https://printify.com › Catalog › Men's Clothing › T-shirts","The Gildan 5000 heavy cotton adult t-shirt is a number one best seller. It's made from preshrunk cotton and comes in a variety of colors."
"Gildan Tees | Dave's New York","https://davesnewyork.com › collections › gildan-tees","Gildan makes great tees with good quality cotton. Dave's New York carries short-sleeve and long-sleeve t-shirts in dozens of colors."
"$2.99 Each Gildan Crew Neck T-Shirts, All Sizes - RED ...","https://www.reddevelopment.com › offer › 2-99-each-g...","Shop in store and get $2.99 each Gildan crew neck t-shirts, all sizes. Some advertised items may not be available at all store locations. Percent off discounts ..."
"Why We Don't Sell Gildan T-Shirts (or Hanes) | Ethix Merch","https://ethixmerch.com › anvil-gildan-hanes-fruit-of-the...","Fast fashion like Gildan is part of the global race-to-the-bottom. Many big names like Gildan, Hanes, Anvil, and Fruit of the Loom leave consumers with a ..."
"Gildan Activewear, Inc. - Consensus Indicates Potential 50.9 ...","https://www.directorstalkinterviews.com › gildan-active...","4 days ago — Gildan Activewear, Inc. found using ticker (GIL) now have 12 analysts covering the stock with the consensus suggesting a rating of 'Buy'."
"Gildan G500 Men's Heavy Cotton T-Shirt - ApparelnBags","https://www.apparelnbags.com › gildan › g500-heavy-c...","4 days ago — Gildan Activewear, Inc. found using ticker (GIL) now have 12 analysts covering the stock with the consensus suggesting a rating of 'Buy'."
"30 Best Gildan ideas | custom tees, gildan, tees - Pinterest","https://in.pinterest.com › oasistees › gildan","4 days ago — Gildan Activewear, Inc. found using ticker (GIL) now have 12 analysts covering the stock with the consensus suggesting a rating of 'Buy'."
"Are Analysts Over-Optimistic About Gildan Stock? - TipRanks","https://www.tipranks.com › news › article › are-analysts...","2 days ago — Gildan Activewear (TSE: GIL) (GIL) manufactures and sells printwear and branded apparel. Its products include activewear, underwear, socks, ..."
"gildan - Prices and Promotions - Jun 2022 | Shopee Malaysia","https://shopee.com.my › search › key...","Buy gildan online to enjoy discounts and deals with Shopee Malaysia! Read reviews on gildan offers and make safe purchases with Shopee Guarantee."
"Are Analysts Over-Optimistic About Gildan Stock? - Nasdaq","https://www.nasdaq.com › articles › are-analysts-over-o...","2 days ago — Gildan Activewear (TSE: GIL) (GIL) manufactures and sells printwear and branded apparel. Its products include activewear, underwear, socks, ..."
"Gildan Activewear misses expectations as COVID-19 drives ...","https://montreal.ctvnews.ca › gildan-activewear-misses-ex...","Jul 30, 2020 — Gildan Activewear Inc. missed expectations as it reported a large second-quarter loss after sales plunged 71 per cent amid widespread ..."
"Gildan Activewear Inc. (TSE:GIL) Receives Average ...","https://www.defenseworld.net › 2022/06/18 › gildan-ac...","15 hours ago — Gildan Activewear Inc manufactures and sells various apparel products in the United States, North America, Europe, Asia-Pacific, and Latin ..."
"Поло цамц- gildan - Футболк - Unegui.mn","https://www.unegui.mn › adv › 3267...","Поло цамц- gildan ... Бүх төрлийн хэвлэлд тохирсон, Лого, зураггүй эмэгтэй эрэгтэй поло цамц бөөний үнээр зарж байна. - Бүх төрлийн лого хэвлэл хийнэ. - 7000- ..."
"Gildan vs Fruit of the Loom Undershirts (my review w/ photos)","https://workwearcommand.com › gildan-vs-fruit-of-the...","Gildan Classic Crewneck – This is Gildan's classic cotton undershirt. This shirt is moisture wicking, has taped seams for durability, and is tag free. You can ..."
"GILDAN Gildan 76000 cotton solid color round neck T-shirt ...","https://www.daraz.pk › products › gildan-gildan-76000-i3...","Rs.150 OFF for New Users! ✓10% Extra Bank Discount on GILDAN Gildan 76000 cotton solid color round neck T-shirt custom short-sleeved overalls advertising ..."
"Gildan shirts bulk. FAQ Starting at $11 LittleFoxTees Men Men ...","http://ekanek.org › gildan-shirts-bulk","Results 1 - 20 of 111 — Gildan shirts bulk. ... Neck T shirts from our large collection of Gildan wholesale Apparel at Wholesale Prices 98 Gildan Ultra Cotton® ..."
"Garments, textile jobs in Bangladesh","https://jobs.bdjobs.com › jobsearch","Dekko Accessories Ltd. Job Location Dhaka. Education required. Bachelor of Business Administration (BBA) in Finance; Bachelor of ..."
"Short news items from in and around Rockingham County","https://greensboro.com › community › short-news-items-f...","7 days ago — Gildan Scholar Athletes named. Kennedy Grace Smith, a recent Morehead High School graduate, was named the RCS 2022 Female Gildan Scholar Athlete ..."
"Gildan Activewear Inc. (GIL): What Does Valuation Ratios Tell ...","https://fostersleader.com › Business","5 days ago — Gildan Activewear Inc. (NYSE:GIL) saw a downside of -4.21% to close Monday at $28.01 after subtracting -$1.23 on the day."
"PenCarrie | The UK's leading wholesale clothing supplier","https://www.pencarrie.com","G; Gamegear · Gildan · Glenmuir. H; Henbury. J; Joseph Alan · Just Cool · Just Hoods · Just Polos · Just Ts. K; K-Up · Kariban · Kariban Vintage · Kimood ..."
"Updated Stock Market Pricing & News for Canada & US - The ...","https://www.theglobeandmail.com › investing › markets","Delivers the Latest Business & Markets News, Data & Analysis for all TSX, NYSE, NASDAQ, Commodities & Indexes."
"クソ 腐った / RUCKING FOTTEN – Rucking Fotten","https://ruckingfotten.com","RELEASE: 6.17.22 @ 12AM ETCLOSE: 6.19.22 @ 11:59PM ET Printed on Gildan Hammer Long Sleeve Shirts Printed with Gold & Silver Metallic Ink Final Sale."
"Men's Athletic & Casual T-Shirts: Long Sleeve & More | Academy","https://www.academy.com › Men's › Men's Clothing","Our catalog of men's athletic and long sleeve shirts are perfect for any occasion. Dress comfortably & casually with men's t-shirts from Academy."
"Tales of the Executioners, Volume Two - Page 64 - Google Books Result","https://books.google.com.bd › books","Our catalog of men's athletic and long sleeve shirts are perfect for any occasion. Dress comfortably & casually with men's t-shirts from Academy."
"Responsabilité Sociale et Environnementale de L'Entreprise","https://books.google.com.bd › books","Our catalog of men's athletic and long sleeve shirts are perfect for any occasion. Dress comfortably & casually with men's t-shirts from Academy."
"Understanding Financial Accounting - Page 59 - Google Books Result","https://books.google.com.bd › books","Our catalog of men's athletic and long sleeve shirts are perfect for any occasion. Dress comfortably & casually with men's t-shirts from Academy."
